{"loss": [0.37121257185935974, 0.23188012838363647], "accuracy": [0.816705048084259, 0.9046670794487], "val_loss": [0.24265001714229584, 0.23224347829818726], "val_accuracy": [0.8931339383125305, 0.9119403958320618]}