{"loss": [0.23785565793514252, 0.19366587698459625], "accuracy": [0.8994899392127991, 0.9197872281074524], "val_loss": [0.20990191400051117, 0.18824072182178497], "val_accuracy": [0.9097191095352173, 0.9188508987426758]}