{"loss": [0.23631109297275543, 0.1957419216632843], "accuracy": [0.8999835252761841, 0.9178512692451477], "val_loss": [0.20508740842342377, 0.19820795953273773], "val_accuracy": [0.9139641523361206, 0.9167777299880981]}