{"loss": [0.23513546586036682, 0.19305382668972015], "accuracy": [0.900279700756073, 0.9191510081291199], "val_loss": [0.2426203042268753, 0.21719130873680115], "val_accuracy": [0.8923935294151306, 0.9088306427001953]}